{"user":"Bhargo","email":"bhargo@gmail.com"}
{"user":"Alex","email":"alex@gmail.com"}
{"user":"Bob","email":"bob@gmail.com"}
{"user":"Bill","email":"bill@gmail.com"}
{"user":"Adam","email":"adam@gmail.com"}
{"user":"Tim","email":"tim@gmail.com"}
{"user":"Tom","email":"tom@gmail.com"}
{"user":"Alan","email":"alan@gmail.com"}
{"user":"Fred","email":"fred@gmail.com"}
{"user":"Amar","email":"amar@yahoo.com"}
{"user":"Akash","email":"akash@gmail.com"}